{
	"class_name" : "PinholeCameraParameters",
	"extrinsic" : 
	[
		0.87972502801972208,
		0.16806314127406774,
		-0.44479057501344615,
		0.0,
		0.091918109254721075,
		0.85769415521176728,
		0.50587725517818072,
		0.0,
		0.46651359708666207,
		-0.48591719115572124,
		0.73908696854470246,
		0.0,
		-19.150734047053959,
		3.8157881276429571,
		31.091653360788428,
		1.0
	],
	"intrinsic" : 
	{
		"height" : 1005,
		"intrinsic_matrix" : 
		[
			870.35553080336092,
			0.0,
			0.0,
			0.0,
			870.35553080336092,
			0.0,
			726.0,
			502.0,
			1.0
		],
		"width" : 1453
	},
	"version_major" : 1,
	"version_minor" : 0
}