{
	"class_name" : "PinholeCameraParameters",
	"extrinsic" : 
	[
		0.99468798038872874,
		-0.060593069076927526,
		-0.08321238880137323,
		0.0,
		0.088358609286353376,
		0.087891597189967446,
		0.99220351909695337,
		0.0,
		-0.052806986613267021,
		-0.9942854454950224,
		0.092778634618057645,
		0.0,
		0.98848866013405434,
		21.860434393814977,
		74.593293794555436,
		1.0
	],
	"intrinsic" : 
	{
		"height" : 1005,
		"intrinsic_matrix" : 
		[
			870.35553080336092,
			0.0,
			0.0,
			0.0,
			870.35553080336092,
			0.0,
			726.0,
			502.0,
			1.0
		],
		"width" : 1453
	},
	"version_major" : 1,
	"version_minor" : 0
}