{
	"class_name" : "PinholeCameraParameters",
	"extrinsic" : 
	[
		-0.38510935631964804,
		0.00037186592669213869,
		-0.92287087146079061,
		0.0,
		0.19711760358680183,
		0.97695607777110294,
		-0.081862521719645254,
		0.0,
		0.90157386498903302,
		-0.21344011764857024,
		-0.3763082275833225,
		0.0,
		4.5795546967034024,
		6.8332035628285839,
		45.105330651154418,
		1.0
	],
	"intrinsic" : 
	{
		"height" : 1068,
		"intrinsic_matrix" : 
		[
			924.9151312417805,
			0.0,
			0.0,
			0.0,
			924.9151312417805,
			0.0,
			959.5,
			533.5,
			1.0
		],
		"width" : 1920
	},
	"version_major" : 1,
	"version_minor" : 0
}