{
	"class_name" : "PinholeCameraParameters",
	"extrinsic" : 
	[
		0.99760045480407877,
		0.047445149894097954,
		-0.050421129759475339,
		0.0,
		-0.020241918137418807,
		0.89632751208483108,
		0.44293030583821563,
		0.0,
		0.066208740546949751,
		-0.44084685416972613,
		0.8951371145494097,
		0.0,
		-4.2815332043897589,
		12.493763620803913,
		37.267371713606792,
		1.0
	],
	"intrinsic" : 
	{
		"height" : 600,
		"intrinsic_matrix" : 
		[
			519.6152422706632,
			0.0,
			0.0,
			0.0,
			519.6152422706632,
			0.0,
			399.5,
			299.5,
			1.0
		],
		"width" : 800
	},
	"version_major" : 1,
	"version_minor" : 0
}