{
	"class_name" : "PinholeCameraParameters",
	"extrinsic" : 
	[
		0.010766560776886841,
		0.18811254836739,
		0.98208846358959134,
		0.0,
		-0.10768361634494114,
		0.97665187967529077,
		-0.18589067942636872,
		0.0,
		-0.99412691339683246,
		-0.10375343403207345,
		0.030771821308447998,
		0.0,
		-1.4637190688123192,
		2.8488070977112874,
		9.6420748195695847,
		1.0
	],
	"intrinsic" : 
	{
		"height" : 1068,
		"intrinsic_matrix" : 
		[
			924.9151312417805,
			0.0,
			0.0,
			0.0,
			924.9151312417805,
			0.0,
			959.5,
			533.5,
			1.0
		],
		"width" : 1920
	},
	"version_major" : 1,
	"version_minor" : 0
}