{
	"class_name" : "PinholeCameraParameters",
	"extrinsic" : 
	[
		0.90343378715873435,
		0.25012257944376415,
		-0.34820408882209386,
		0.0,
		0.30358159665588669,
		0.20027390838888554,
		0.93151949834155534,
		0.0,
		0.30273025351274241,
		-0.94727454144563505,
		0.10500160349762552,
		0.0,
		-2.5812690458536376,
		8.0520677326297356,
		14.965565730262821,
		1.0
	],
	"intrinsic" : 
	{
		"height" : 600,
		"intrinsic_matrix" : 
		[
			519.6152422706632,
			0.0,
			0.0,
			0.0,
			519.6152422706632,
			0.0,
			399.5,
			299.5,
			1.0
		],
		"width" : 800
	},
	"version_major" : 1,
	"version_minor" : 0
}