{
	"class_name" : "PinholeCameraParameters",
	"extrinsic" : 
	[
		0.99378832983358445,
		-0.037640710555545985,
		0.10472789693032354,
		0.0,
		-0.038281430811183764,
		0.76800816447472109,
		0.63929491735443855,
		0.0,
		-0.10449539483452566,
		-0.63933296192910594,
		0.76179661081507388,
		0.0,
		-11.491637911220405,
		3.8931159792263319,
		21.292193921155487,
		1.0
	],
	"intrinsic" : 
	{
		"height" : 1068,
		"intrinsic_matrix" : 
		[
			924.9151312417805,
			0.0,
			0.0,
			0.0,
			924.9151312417805,
			0.0,
			959.5,
			533.5,
			1.0
		],
		"width" : 1920
	},
	"version_major" : 1,
	"version_minor" : 0
}