{
	"class_name" : "PinholeCameraParameters",
	"extrinsic" : 
	[
		-0.12779473139971881,
		0.98305517781834584,
		0.13141926795951378,
		0.0,
		-0.080687989587069006,
		0.12176142760546906,
		-0.98927428101809833,
		0.0,
		-0.98851300191897873,
		-0.13702799754801531,
		0.063760277015633735,
		0.0,
		1.4834995258314461,
		-9.0362889152483525,
		87.91936934100265,
		1.0
	],
	"intrinsic" : 
	{
		"height" : 1068,
		"intrinsic_matrix" : 
		[
			924.9151312417805,
			0.0,
			0.0,
			0.0,
			924.9151312417805,
			0.0,
			959.5,
			533.5,
			1.0
		],
		"width" : 1920
	},
	"version_major" : 1,
	"version_minor" : 0
}