{
	"class_name" : "PinholeCameraParameters",
	"extrinsic" : 
	[
		0.93885187480086596,
		-0.33983404456387267,
		0.055407394256173477,
		0.0,
		0.092106467515322754,
		0.40292479309060047,
		0.91058662946187918,
		0.0,
		-0.3317733500821729,
		-0.84980258487972171,
		0.40958761078308437,
		0.0,
		-8.6450837543672066,
		6.8359750641509995,
		29.371121494231982,
		1.0
	],
	"intrinsic" : 
	{
		"height" : 1068,
		"intrinsic_matrix" : 
		[
			924.9151312417805,
			0.0,
			0.0,
			0.0,
			924.9151312417805,
			0.0,
			959.5,
			533.5,
			1.0
		],
		"width" : 1920
	},
	"version_major" : 1,
	"version_minor" : 0
}