{
	"class_name" : "PinholeCameraParameters",
	"extrinsic" : 
	[
		0.99198298697491827,
		-0.069157345981758891,
		0.10576868652431276,
		0.0,
		-0.066303439308752807,
		0.42768729172352915,
		0.90149178278785413,
		0.0,
		-0.10758070221071049,
		-0.90127733911097108,
		0.4196731472430637,
		0.0,
		-3.2159999316138292,
		10.893382737371573,
		28.790616093219889,
		1.0
	],
	"intrinsic" : 
	{
		"height" : 1068,
		"intrinsic_matrix" : 
		[
			924.9151312417805,
			0.0,
			0.0,
			0.0,
			924.9151312417805,
			0.0,
			959.5,
			533.5,
			1.0
		],
		"width" : 1920
	},
	"version_major" : 1,
	"version_minor" : 0
}