{
	"class_name" : "PinholeCameraParameters",
	"extrinsic" : 
	[
		0.1965707804086807,
		-0.26552798578248965,
		0.94385105660576363,
		0.0,
		-0.19395914188769203,
		0.93307882360027516,
		0.30289232447673031,
		0.0,
		-0.96111382237886511,
		-0.24260832161123552,
		0.13191445226838081,
		0.0,
		28.787052216074947,
		-1.7093849379252806,
		43.405195966420493,
		1.0
	],
	"intrinsic" : 
	{
		"height" : 1005,
		"intrinsic_matrix" : 
		[
			870.35553080336092,
			0.0,
			0.0,
			0.0,
			870.35553080336092,
			0.0,
			726.0,
			502.0,
			1.0
		],
		"width" : 1453
	},
	"version_major" : 1,
	"version_minor" : 0
}