{
	"class_name" : "PinholeCameraParameters",
	"extrinsic" : 
	[
		0.99627157208304984,
		0.086084617706189359,
		-0.0056915071420173321,
		0.0,
		0.0073680992316320984,
		-0.019170918209962161,
		0.99978907125888306,
		0.0,
		0.085957348568236017,
		-0.99610336536393973,
		-0.019733720828890883,
		0.0,
		-10.118870022367521,
		-0.25969730116771661,
		84.956066632078105,
		1.0
	],
	"intrinsic" : 
	{
		"height" : 1068,
		"intrinsic_matrix" : 
		[
			924.9151312417805,
			0.0,
			0.0,
			0.0,
			924.9151312417805,
			0.0,
			959.5,
			533.5,
			1.0
		],
		"width" : 1920
	},
	"version_major" : 1,
	"version_minor" : 0
}