{
	"class_name" : "PinholeCameraParameters",
	"extrinsic" : 
	[
		0.96529568014888978,
		0.14442965296513444,
		-0.21758751165970713,
		0.0,
		-0.033677680644506186,
		0.89504427649984319,
		0.44470389803922222,
		0.0,
		0.25897888661491114,
		-0.42194290899272519,
		0.86884642937544376,
		0.0,
		-4.6358564682593659,
		-2.1544789915243001,
		29.121324523314239,
		1.0
	],
	"intrinsic" : 
	{
		"height" : 1005,
		"intrinsic_matrix" : 
		[
			870.35553080336092,
			0.0,
			0.0,
			0.0,
			870.35553080336092,
			0.0,
			726.0,
			502.0,
			1.0
		],
		"width" : 1453
	},
	"version_major" : 1,
	"version_minor" : 0
}