{
	"class_name" : "PinholeCameraParameters",
	"extrinsic" : 
	[
		-0.048458651237289915,
		-0.47948478488282176,
		-0.87621121893418885,
		0.0,
		0.003741432542054896,
		0.87714851992286202,
		-0.48020461855303526,
		0.0,
		0.99881818205456996,
		-0.026548353301231335,
		-0.040711474232666231,
		0.0,
		-7.2625349378503392,
		8.8723912553943194,
		59.50926652735199,
		1.0
	],
	"intrinsic" : 
	{
		"height" : 600,
		"intrinsic_matrix" : 
		[
			519.6152422706632,
			0.0,
			0.0,
			0.0,
			519.6152422706632,
			0.0,
			732.0,
			299.5,
			1.0
		],
		"width" : 1465
	},
	"version_major" : 1,
	"version_minor" : 0
}