{
	"class_name" : "PinholeCameraParameters",
	"extrinsic" : 
	[
		0.88064217786991961,
		0.43696166513255752,
		-0.1831225211739603,
		0.0,
		-0.40672116386775298,
		0.89547730221287292,
		0.18082670179930693,
		0.0,
		0.24299639795393124,
		-0.08476381554730579,
		0.9663166386621298,
		0.0,
		-8.1003651676192678,
		6.3027361465017826,
		54.900090166395785,
		1.0
	],
	"intrinsic" : 
	{
		"height" : 600,
		"intrinsic_matrix" : 
		[
			519.6152422706632,
			0.0,
			0.0,
			0.0,
			519.6152422706632,
			0.0,
			732.0,
			299.5,
			1.0
		],
		"width" : 1465
	},
	"version_major" : 1,
	"version_minor" : 0
}