{
	"class_name" : "PinholeCameraParameters",
	"extrinsic" : 
	[
		0.99607773045575876,
		0.076243901907443387,
		-0.044900137104836604,
		0.0,
		-0.009600650486720777,
		0.59757935844000298,
		0.80175229209317911,
		0.0,
		0.087960118237396676,
		-0.79817653297272684,
		0.59596748217608375,
		0.0,
		-4.3972827836431252,
		13.244931325811182,
		49.552342564801656,
		1.0
	],
	"intrinsic" : 
	{
		"height" : 600,
		"intrinsic_matrix" : 
		[
			519.6152422706632,
			0.0,
			0.0,
			0.0,
			519.6152422706632,
			0.0,
			399.5,
			299.5,
			1.0
		],
		"width" : 800
	},
	"version_major" : 1,
	"version_minor" : 0
}