{
	"class_name" : "PinholeCameraParameters",
	"extrinsic" : 
	[
		-0.52450757437389162,
		-0.60640815391831515,
		-0.59762944646812521,
		0.0,
		0.1832829447342558,
		0.60505501250694482,
		-0.77480048658332723,
		0.0,
		0.83144402493129776,
		-0.51592400865011323,
		-0.20621166481176961,
		0.0,
		5.9512983145929939,
		10.671798966011737,
		36.943141354415559,
		1.0
	],
	"intrinsic" : 
	{
		"height" : 1068,
		"intrinsic_matrix" : 
		[
			924.9151312417805,
			0.0,
			0.0,
			0.0,
			924.9151312417805,
			0.0,
			959.5,
			533.5,
			1.0
		],
		"width" : 1920
	},
	"version_major" : 1,
	"version_minor" : 0
}