{
	"class_name" : "PinholeCameraParameters",
	"extrinsic" : 
	[
		0.96392128853974168,
		-0.26491608307264436,
		0.025984965447967207,
		0.0,
		0.13291687173294178,
		0.56359938745476323,
		0.81528451209951525,
		0.0,
		-0.23062709014470295,
		-0.78241625711002682,
		0.57847726480936446,
		0.0,
		-7.5943204285100041,
		14.014028153254289,
		36.084382875544705,
		1.0
	],
	"intrinsic" : 
	{
		"height" : 1068,
		"intrinsic_matrix" : 
		[
			924.9151312417805,
			0.0,
			0.0,
			0.0,
			924.9151312417805,
			0.0,
			959.5,
			533.5,
			1.0
		],
		"width" : 1920
	},
	"version_major" : 1,
	"version_minor" : 0
}