{
	"class_name" : "PinholeCameraParameters",
	"extrinsic" : 
	[
		0.97076596143198968,
		0.071799520583005649,
		0.22903771953343285,
		0.0,
		-0.18247578247630961,
		0.84066978962184546,
		0.50987929319283087,
		0.0,
		-0.15593600268919122,
		-0.53676729935905443,
		0.82919529026888716,
		0.0,
		-0.1411875078143234,
		5.0667917161727329,
		4.230290658099408,
		1.0
	],
	"intrinsic" : 
	{
		"height" : 600,
		"intrinsic_matrix" : 
		[
			519.6152422706632,
			0.0,
			0.0,
			0.0,
			519.6152422706632,
			0.0,
			399.5,
			299.5,
			1.0
		],
		"width" : 800
	},
	"version_major" : 1,
	"version_minor" : 0
}