{
	"class_name" : "PinholeCameraParameters",
	"extrinsic" : 
	[
		0.64402079486500585,
		-0.056609050958852082,
		0.76291063115609037,
		0.0,
		-0.13553024041384701,
		0.97304061762882499,
		0.18661058484951956,
		0.0,
		-0.75290687984292659,
		-0.22357855843987587,
		0.61898615371519905,
		0.0,
		5.5719610599615041,
		2.6830517641451026,
		5.2326021952390267,
		1.0
	],
	"intrinsic" : 
	{
		"height" : 1068,
		"intrinsic_matrix" : 
		[
			924.9151312417805,
			0.0,
			0.0,
			0.0,
			924.9151312417805,
			0.0,
			959.5,
			533.5,
			1.0
		],
		"width" : 1920
	},
	"version_major" : 1,
	"version_minor" : 0
}