{
	"class_name" : "PinholeCameraParameters",
	"extrinsic" : 
	[
		0.45227907267473921,
		-0.064334839637554708,
		0.88955307251972793,
		0.0,
		-0.17521432263718709,
		0.97154904136094489,
		0.15934993371012418,
		0.0,
		-0.87449618727772038,
		-0.22793307930056877,
		0.42813891413569377,
		0.0,
		6.8268938102825949,
		2.7290130816581204,
		6.6955439728936934,
		1.0
	],
	"intrinsic" : 
	{
		"height" : 1068,
		"intrinsic_matrix" : 
		[
			924.9151312417805,
			0.0,
			0.0,
			0.0,
			924.9151312417805,
			0.0,
			959.5,
			533.5,
			1.0
		],
		"width" : 1920
	},
	"version_major" : 1,
	"version_minor" : 0
}