{
	"class_name" : "PinholeCameraParameters",
	"extrinsic" : 
	[
		0.95097343740766227,
		-0.043061290662719423,
		-0.30626009630951906,
		0.0,
		0.061765223225105054,
		0.99675386325792958,
		0.051641003866555485,
		0.0,
		0.30304220588064634,
		-0.068025446171660259,
		0.95054613782190422,
		0.0,
		-3.7423872853912221,
		1.3465210097125446,
		3.6173149984877728,
		1.0
	],
	"intrinsic" : 
	{
		"height" : 1068,
		"intrinsic_matrix" : 
		[
			924.9151312417805,
			0.0,
			0.0,
			0.0,
			924.9151312417805,
			0.0,
			959.5,
			533.5,
			1.0
		],
		"width" : 1920
	},
	"version_major" : 1,
	"version_minor" : 0
}