{
	"class_name" : "PinholeCameraParameters",
	"extrinsic" : 
	[
		0.53716893273316846,
		-0.81272748386331517,
		0.22566252387030022,
		0.0,
		-0.1172724586914792,
		0.19297794634006427,
		0.97416974016791691,
		0.0,
		-0.83528241220485677,
		-0.54975771863574252,
		0.0083512071977404744,
		0.0,
		6.4255898367500324,
		5.8713780530381374,
		11.70712696151762,
		1.0
	],
	"intrinsic" : 
	{
		"height" : 1068,
		"intrinsic_matrix" : 
		[
			924.9151312417805,
			0.0,
			0.0,
			0.0,
			924.9151312417805,
			0.0,
			959.5,
			533.5,
			1.0
		],
		"width" : 1920
	},
	"version_major" : 1,
	"version_minor" : 0
}