{
	"class_name" : "PinholeCameraParameters",
	"extrinsic" : 
	[
		0.99769539257230244,
		-0.043597439344462835,
		0.051991989023359157,
		0.0,
		0.032506040226626232,
		0.97971187305557483,
		0.19775743511363139,
		0.0,
		-0.059558886732243174,
		-0.19561162817313049,
		0.97887120191303656,
		0.0,
		-0.70574854119083308,
		2.4313174231161625,
		3.0323279737674897,
		1.0
	],
	"intrinsic" : 
	{
		"height" : 1068,
		"intrinsic_matrix" : 
		[
			924.9151312417805,
			0.0,
			0.0,
			0.0,
			924.9151312417805,
			0.0,
			959.5,
			533.5,
			1.0
		],
		"width" : 1920
	},
	"version_major" : 1,
	"version_minor" : 0
}