{
	"class_name" : "PinholeCameraParameters",
	"extrinsic" : 
	[
		0.28567961008864245,
		-0.83911653946928222,
		-0.46289371735712498,
		0.0,
		-0.042287394744984955,
		0.47151524781765408,
		-0.88084342951578987,
		0.0,
		0.95739173624242402,
		0.27121357684406766,
		0.099218239805813735,
		0.0,
		-8.4431624530210705,
		0.25374793306817778,
		17.866221621067545,
		1.0
	],
	"intrinsic" : 
	{
		"height" : 600,
		"intrinsic_matrix" : 
		[
			519.6152422706632,
			0.0,
			0.0,
			0.0,
			519.6152422706632,
			0.0,
			399.5,
			299.5,
			1.0
		],
		"width" : 800
	},
	"version_major" : 1,
	"version_minor" : 0
}