{
	"class_name" : "PinholeCameraParameters",
	"extrinsic" : 
	[
		0.19785509845642438,
		-0.24109251903306192,
		-0.95011986469134069,
		0.0,
		0.085074939839659497,
		0.96984733044192317,
		-0.22838215833543885,
		0.0,
		0.97653244422603658,
		-0.03564481590593227,
		0.21240017060481675,
		0.0,
		-7.7755354261198626,
		7.0582049274359528,
		30.918114182091504,
		1.0
	],
	"intrinsic" : 
	{
		"height" : 1068,
		"intrinsic_matrix" : 
		[
			924.9151312417805,
			0.0,
			0.0,
			0.0,
			924.9151312417805,
			0.0,
			959.5,
			533.5,
			1.0
		],
		"width" : 1920
	},
	"version_major" : 1,
	"version_minor" : 0
}