{
	"class_name" : "PinholeCameraParameters",
	"extrinsic" : 
	[
		0.08675468057582926,
		-0.98908376148657928,
		-0.11910893401313567,
		0.0,
		0.198657150268465,
		0.13433408651331794,
		-0.9708190819343453,
		0.0,
		0.97622177912879948,
		0.060561257947569759,
		0.20814267219964666,
		0.0,
		-7.0571217404079833,
		-0.45381485862190629,
		7.7553976841909966,
		1.0
	],
	"intrinsic" : 
	{
		"height" : 1068,
		"intrinsic_matrix" : 
		[
			924.9151312417805,
			0.0,
			0.0,
			0.0,
			924.9151312417805,
			0.0,
			959.5,
			533.5,
			1.0
		],
		"width" : 1920
	},
	"version_major" : 1,
	"version_minor" : 0
}