{
	"class_name" : "PinholeCameraParameters",
	"extrinsic" : 
	[
		0.066699492817814968,
		-0.97616814155862996,
		-0.20651134851096384,
		0.0,
		0.063673482400783216,
		0.21071468473384139,
		-0.97547168553294006,
		0.0,
		0.99573935610520259,
		0.051914169968211327,
		0.076210587582751677,
		0.0,
		-8.2152158710790069,
		0.18187917863173575,
		13.699508567924291,
		1.0
	],
	"intrinsic" : 
	{
		"height" : 1068,
		"intrinsic_matrix" : 
		[
			924.9151312417805,
			0.0,
			0.0,
			0.0,
			924.9151312417805,
			0.0,
			959.5,
			533.5,
			1.0
		],
		"width" : 1920
	},
	"version_major" : 1,
	"version_minor" : 0
}