{
	"class_name" : "PinholeCameraParameters",
	"extrinsic" : 
	[
		0.094242772967193966,
		-0.99397890440601178,
		-0.055894877576380328,
		0.0,
		0.40487546187421214,
		0.089558787392099701,
		-0.90997532052962848,
		0.0,
		0.90950214959372,
		0.06312813316328382,
		0.4108779364820182,
		0.0,
		-4.9850193262499438,
		-0.80212437951833415,
		11.369880258848211,
		1.0
	],
	"intrinsic" : 
	{
		"height" : 1068,
		"intrinsic_matrix" : 
		[
			924.9151312417805,
			0.0,
			0.0,
			0.0,
			924.9151312417805,
			0.0,
			959.5,
			533.5,
			1.0
		],
		"width" : 1920
	},
	"version_major" : 1,
	"version_minor" : 0
}